City_ID,City,Country,Lat,Lng,Max Temp,Humidity,Cloudiness,Wind Speed,Current Description
0,La Asuncion,VE,11.0333,-63.8628,81.45,76,11,11.68,few clouds
1,Atuona,PF,-9.8,-139.0333,77.74,74,8,15.12,clear sky
2,Qaanaaq,GL,77.484,-69.3632,41.14,80,100,2.95,overcast clouds
3,Port Alfred,ZA,-33.5906,26.891,56.17,97,100,1.99,overcast clouds
4,Puerto Ayora,EC,-0.7393,-90.3518,78.76,100,94,8.99,overcast clouds
5,Cabo San Lucas,MX,22.8909,-109.9124,97.61,49,0,17.27,clear sky
6,Kodiak,US,57.79,-152.4072,53.73,83,100,11.01,overcast clouds
7,Adrar,MR,20.5022,-10.0711,94.93,19,35,11.48,scattered clouds
8,San Quintin,MX,22.8909,-109.9124,97.61,49,0,17.27,clear sky
9,Avarua,CK,-21.2078,-159.775,75.25,64,75,18.41,broken clouds
10,Sao Filipe,CV,14.8961,-24.4956,76.51,88,75,5.82,broken clouds
11,Saskylakh,RU,71.9167,114.0833,42.01,76,67,14.54,broken clouds
12,Butaritari,KI,3.0707,172.7902,81.28,78,70,7.76,light rain
13,Barrow,US,57.79,-152.4072,53.73,83,100,11.01,overcast clouds
14,Tura,RU,71.9167,114.0833,42.01,76,67,14.54,broken clouds
15,Aksu,CN,41.1231,80.2644,75.25,24,0,10.47,clear sky
16,Aurdal,NO,60.9242,9.4159,64.11,76,100,2.35,overcast clouds
17,Rikitea,PF,-9.8,-139.0333,77.74,74,8,15.12,clear sky
18,Mazatlan,MX,22.8909,-109.9124,97.61,49,0,17.27,clear sky
19,Evensk,RU,71.9167,114.0833,42.01,76,67,14.54,broken clouds
20,Albany,US,42.6001,-73.9662,94.03,49,47,4.0,scattered clouds
21,Dingle,PH,10.9995,122.6711,76.77,89,80,1.48,broken clouds
22,Falmouth,GB,50.1544,-5.0711,61.7,82,75,4.61,broken clouds
23,Asau,RO,46.4333,26.4,70.72,61,19,5.55,few clouds
24,Mahibadhoo,MV,3.7833,72.9667,80.67,75,100,13.33,overcast clouds
25,Alfredo Baquerizo Moreno,EC,-0.7393,-90.3518,78.76,100,94,8.99,overcast clouds
26,Hermanus,ZA,-33.5906,26.891,56.17,97,100,1.99,overcast clouds
27,Bluff,NZ,-46.6,168.3333,40.8,72,100,6.96,overcast clouds
28,Franklin,US,57.79,-152.4072,53.73,83,100,11.01,overcast clouds
29,Jamestown,US,42.097,-79.2353,86.02,53,75,18.41,broken clouds
30,Kapaa,US,57.79,-152.4072,53.73,83,100,11.01,overcast clouds
31,Chivay,PE,-15.6383,-71.6011,55.87,28,34,4.0,scattered clouds
32,Narsaq,GL,77.484,-69.3632,41.14,80,100,2.95,overcast clouds
33,Derzhavinsk,KZ,51.1,66.3167,68.81,63,71,6.73,broken clouds
34,Port Lincoln,US,42.6001,-73.9662,94.03,49,47,4.0,scattered clouds
35,Maputo,MZ,-25.9653,32.5892,67.68,83,75,13.0,broken clouds
36,Port Hawkesbury,CA,45.6169,-61.3485,76.91,63,0,13.0,clear sky
37,Husavik,IS,66.0449,-17.3389,45.7,90,100,5.68,overcast clouds
38,Arcachon,FR,44.5875,-1.0519,68.32,82,0,2.3,mist
39,Mindelo,CV,14.8961,-24.4956,76.51,88,75,5.82,broken clouds
40,Samusu,WS,-13.8745,-171.5986,83.98,77,34,24.9,light rain
41,Vaini,TO,-21.2,-175.2,77.16,83,40,9.22,scattered clouds
42,Artyk,RU,71.9167,114.0833,42.01,76,67,14.54,broken clouds
43,Bethel,US,57.79,-152.4072,53.73,83,100,11.01,overcast clouds
44,Sur,OM,22.5667,59.5289,83.57,77,86,15.01,overcast clouds
45,Ust-Ordynskiy,RU,71.9167,114.0833,42.01,76,67,14.54,broken clouds
46,Baykit,RU,71.9167,114.0833,42.01,76,67,14.54,broken clouds
47,Vardo,NO,60.9242,9.4159,64.11,76,100,2.35,overcast clouds
48,Saint-Pierre,RE,-21.3393,55.4781,67.68,64,0,13.8,clear sky
49,Kiama,US,42.6001,-73.9662,94.03,49,47,4.0,scattered clouds
50,Caribou,US,57.79,-152.4072,53.73,83,100,11.01,overcast clouds
51,Ust-Karsk,RU,71.9167,114.0833,42.01,76,67,14.54,broken clouds
52,Mount Isa,US,42.6001,-73.9662,94.03,49,47,4.0,scattered clouds
53,Ushuaia,AR,-54.8,-68.3,31.66,86,100,21.85,snow
54,Entre Rios,BR,-11.9419,-38.0844,68.83,89,87,4.36,overcast clouds
55,Hobart,US,42.6001,-73.9662,94.03,49,47,4.0,scattered clouds
56,College,US,57.79,-152.4072,53.73,83,100,11.01,overcast clouds
57,San Patricio,MX,22.8909,-109.9124,97.61,49,0,17.27,clear sky
58,Itarema,BR,-11.9419,-38.0844,68.83,89,87,4.36,overcast clouds
59,Dikson,RU,71.9167,114.0833,42.01,76,67,14.54,broken clouds
60,Vao,NC,-22.6667,167.4833,73.89,88,98,10.2,overcast clouds
61,Copacabana,CO,6.3463,-75.5089,81.03,53,40,13.8,scattered clouds
62,Hilo,US,57.79,-152.4072,53.73,83,100,11.01,overcast clouds
63,Cherskiy,RU,71.9167,114.0833,42.01,76,67,14.54,broken clouds
64,Broome,US,42.6001,-73.9662,94.03,49,47,4.0,scattered clouds
65,Zhigansk,RU,71.9167,114.0833,42.01,76,67,14.54,broken clouds
66,Grand Gaube,MU,-20.0064,57.6608,68.4,75,94,10.0,light rain
67,Atikokan,CA,45.6169,-61.3485,76.91,63,0,13.0,clear sky
68,Krasnoyarsk,RU,71.9167,114.0833,42.01,76,67,14.54,broken clouds
69,Mataura,PF,-9.8,-139.0333,77.74,74,8,15.12,clear sky
70,Miragoane,HT,18.4423,-73.0876,85.51,68,48,5.97,scattered clouds
71,Thompson,CA,45.6169,-61.3485,76.91,63,0,13.0,clear sky
72,Katsuura,JP,35.1333,140.3,78.82,82,64,9.1,broken clouds
73,Belmonte,BR,-11.9419,-38.0844,68.83,89,87,4.36,overcast clouds
74,Sambava,MG,-14.2667,50.1667,69.03,83,42,13.35,light rain
75,Geraldton,US,42.6001,-73.9662,94.03,49,47,4.0,scattered clouds
76,Fort Nelson,CA,45.6169,-61.3485,76.91,63,0,13.0,clear sky
77,Provideniya,RU,71.9167,114.0833,42.01,76,67,14.54,broken clouds
78,Balkanabat,TM,39.5108,54.3671,85.46,48,0,6.38,clear sky
79,Bayan,CN,46.0833,127.4,70.29,88,3,2.71,clear sky
80,Ancud,CL,-41.8697,-73.8203,40.23,67,77,11.48,broken clouds
81,Portland,US,42.6001,-73.9662,94.03,49,47,4.0,scattered clouds
82,Tasiilaq,GL,77.484,-69.3632,41.14,80,100,2.95,overcast clouds
83,Boende,CD,-0.2167,20.8667,75.0,81,57,1.59,broken clouds
84,Marsa Matruh,EG,31.3525,27.2453,77.2,73,0,6.91,clear sky
85,Tutoia,BR,-11.9419,-38.0844,68.83,89,87,4.36,overcast clouds
86,Punta Arenas,CL,-41.8697,-73.8203,40.23,67,77,11.48,broken clouds
87,Zheleznogorsk-Ilimskiy,RU,71.9167,114.0833,42.01,76,67,14.54,broken clouds
88,Kernersville,US,57.79,-152.4072,53.73,83,100,11.01,overcast clouds
89,Isla Mujeres,MX,22.8909,-109.9124,97.61,49,0,17.27,clear sky
90,Lara,US,42.6001,-73.9662,94.03,49,47,4.0,scattered clouds
91,Mahebourg,MU,-20.0064,57.6608,68.4,75,94,10.0,light rain
92,Codrington,AU,-38.2667,141.9667,38.19,80,0,7.81,clear sky
93,Georgetown,US,42.097,-79.2353,86.02,53,75,18.41,broken clouds
94,Mildura,US,42.6001,-73.9662,94.03,49,47,4.0,scattered clouds
95,Kuala Terengganu,MY,5.3302,103.1408,76.95,100,40,8.05,thunderstorm with rain
96,Talalayivka,UA,50.9578,31.9209,54.41,80,28,9.89,scattered clouds
97,Ilulissat,GL,77.484,-69.3632,41.14,80,100,2.95,overcast clouds
98,Yellowknife,CA,45.6169,-61.3485,76.91,63,0,13.0,clear sky
99,Busselton,US,42.6001,-73.9662,94.03,49,47,4.0,scattered clouds
100,Makakilo City,US,57.79,-152.4072,53.73,83,100,11.01,overcast clouds
101,Iqaluit,CA,45.6169,-61.3485,76.91,63,0,13.0,clear sky
102,Saint Anthony,CA,45.6169,-61.3485,76.91,63,0,13.0,clear sky
103,Tucuma,BR,-11.9419,-38.0844,68.83,89,87,4.36,overcast clouds
104,Kumluca,TR,36.3703,30.2869,83.17,42,0,6.46,clear sky
105,Nizhneyansk,RU,71.9167,114.0833,42.01,76,67,14.54,broken clouds
106,Alofi,NU,-19.0595,-169.9187,76.89,73,75,9.22,broken clouds
107,Luderitz,NA,-26.6481,15.1594,56.61,61,3,16.51,clear sky
108,Caibarien,CU,22.5206,-79.4669,84.04,73,8,15.12,clear sky
109,Taolanaro,MG,-14.2667,50.1667,69.03,83,42,13.35,light rain
110,Pangnirtung,CA,45.6169,-61.3485,76.91,63,0,13.0,clear sky
111,Kailua,US,57.79,-152.4072,53.73,83,100,11.01,overcast clouds
112,New Norfolk,US,42.6001,-73.9662,94.03,49,47,4.0,scattered clouds
113,Nuuk,GL,77.484,-69.3632,41.14,80,100,2.95,overcast clouds
114,Anadyr,RU,71.9167,114.0833,42.01,76,67,14.54,broken clouds
115,Tautira,PF,-9.8,-139.0333,77.74,74,8,15.12,clear sky
116,Atar,MR,20.5169,-13.0499,96.4,14,43,6.2,scattered clouds
117,Norman Wells,CA,45.6169,-61.3485,76.91,63,0,13.0,clear sky
118,Petropavlovsk-Kamchatskiy,RU,71.9167,114.0833,42.01,76,67,14.54,broken clouds
119,Esso,RU,71.9167,114.0833,42.01,76,67,14.54,broken clouds
120,Pisco,PE,-15.6383,-71.6011,55.87,28,34,4.0,scattered clouds
121,Cache Creek,CA,45.6169,-61.3485,76.91,63,0,13.0,clear sky
122,Kuito,AO,-12.3833,16.9333,54.88,42,8,0.34,clear sky
123,Porto Novo,CV,14.8961,-24.4956,76.51,88,75,5.82,broken clouds
124,Yomitan,JP,35.1333,140.3,78.82,82,64,9.1,broken clouds
125,Malwan,IN,24.5167,86.65,82.58,77,100,4.23,overcast clouds
126,Ponta Do Sol,PT,32.6667,-17.1,73.71,81,5,7.23,clear sky
127,Saint-Philippe,RE,-21.3585,55.7679,67.59,78,45,13.69,scattered clouds
128,Cape Town,ZA,-33.5906,26.891,56.17,97,100,1.99,overcast clouds
129,Mehamn,NO,60.9242,9.4159,64.11,76,100,2.35,overcast clouds
130,Castro,CL,-41.8697,-73.8203,40.23,67,77,11.48,broken clouds
131,Chuguyevka,RU,71.9167,114.0833,42.01,76,67,14.54,broken clouds
132,Tokur,RU,71.9167,114.0833,42.01,76,67,14.54,broken clouds
133,Bakchar,RU,71.9167,114.0833,42.01,76,67,14.54,broken clouds
134,Lorengau,PG,-2.0226,147.2712,81.1,77,96,3.47,overcast clouds
135,Chicama,PE,-15.6383,-71.6011,55.87,28,34,4.0,scattered clouds
136,Nizwa,OM,22.5667,59.5289,83.57,77,86,15.01,overcast clouds
137,Dabola,GN,10.75,-11.1167,71.19,99,100,2.71,heavy intensity rain
138,Victoria,HK,22.2855,114.1577,86.38,84,21,5.99,few clouds
139,Linqu,CN,41.1231,80.2644,75.25,24,0,10.47,clear sky
140,Severo-Kurilsk,RU,71.9167,114.0833,42.01,76,67,14.54,broken clouds
141,Grand Centre,CA,45.6169,-61.3485,76.91,63,0,13.0,clear sky
142,Leningradskiy,RU,71.9167,114.0833,42.01,76,67,14.54,broken clouds
143,Krasnoarmeysk,KZ,51.1,66.3167,68.81,63,71,6.73,broken clouds
144,Mathbaria,BD,22.2876,89.9593,81.27,87,96,5.08,overcast clouds
145,Kimbe,PG,-2.0226,147.2712,81.1,77,96,3.47,overcast clouds
146,Paita,PE,-15.6383,-71.6011,55.87,28,34,4.0,scattered clouds
147,Megion,RU,71.9167,114.0833,42.01,76,67,14.54,broken clouds
148,Tuktoyaktuk,CA,45.6169,-61.3485,76.91,63,0,13.0,clear sky
149,Vila Franca Do Campo,PT,32.6667,-17.1,73.71,81,5,7.23,clear sky
150,Bisira,PA,8.5196,-81.7115,63.68,93,100,1.3,overcast clouds
151,Oksfjord,NO,60.9242,9.4159,64.11,76,100,2.35,overcast clouds
152,Hofn,IS,66.0449,-17.3389,45.7,90,100,5.68,overcast clouds
153,Hithadhoo,MV,3.7833,72.9667,80.67,75,100,13.33,overcast clouds
154,Khatanga,RU,71.9167,114.0833,42.01,76,67,14.54,broken clouds
155,Morondava,MG,-14.2667,50.1667,69.03,83,42,13.35,light rain
156,Amderma,RU,71.9167,114.0833,42.01,76,67,14.54,broken clouds
157,Carnarvon,US,42.6001,-73.9662,94.03,49,47,4.0,scattered clouds
158,Kpalime,TG,6.9,0.6333,68.41,85,80,3.09,broken clouds
159,Touros,BR,-11.9419,-38.0844,68.83,89,87,4.36,overcast clouds
160,Illoqqortoormiut,GL,77.484,-69.3632,41.14,80,100,2.95,overcast clouds
161,Kysyl-Syr,RU,71.9167,114.0833,42.01,76,67,14.54,broken clouds
162,Kaitangata,NZ,-46.6,168.3333,40.8,72,100,6.96,overcast clouds
163,Tsihombe,MG,-14.2667,50.1667,69.03,83,42,13.35,light rain
164,Upington,ZA,-33.5906,26.891,56.17,97,100,1.99,overcast clouds
165,Kununurra,US,42.6001,-73.9662,94.03,49,47,4.0,scattered clouds
166,Rusetu,RO,44.95,27.2167,74.28,35,19,7.25,few clouds
167,Ulaanbaatar,MN,47.9077,106.8832,57.33,77,75,4.47,broken clouds
168,Lebu,CL,-41.8697,-73.8203,40.23,67,77,11.48,broken clouds
169,Diamantino,BR,-11.9419,-38.0844,68.83,89,87,4.36,overcast clouds
170,Bulungu,CD,-0.2167,20.8667,75.0,81,57,1.59,broken clouds
171,Kloulklubed,PW,7.0419,134.2556,75.7,73,74,2.19,broken clouds
172,Thinadhoo,MV,3.7833,72.9667,80.67,75,100,13.33,overcast clouds
173,Barvinkove,UA,50.9578,31.9209,54.41,80,28,9.89,scattered clouds
174,Lata,PT,40.1629,-8.3327,60.6,89,0,1.63,clear sky
175,Ambilobe,MG,-14.2667,50.1667,69.03,83,42,13.35,light rain
176,Chuy,UY,-33.6971,-53.4616,55.89,95,2,6.49,clear sky
177,Xining,CN,41.1231,80.2644,75.25,24,0,10.47,clear sky
178,Aneho,TG,6.9,0.6333,68.41,85,80,3.09,broken clouds
179,Fortuna,US,57.79,-152.4072,53.73,83,100,11.01,overcast clouds
180,Cayenne,GF,4.9333,-52.3333,82.44,1,40,8.05,scattered clouds
181,Viligili,MV,3.7833,72.9667,80.67,75,100,13.33,overcast clouds
182,Nanortalik,GL,77.484,-69.3632,41.14,80,100,2.95,overcast clouds
183,George,ZA,-33.5906,26.891,56.17,97,100,1.99,overcast clouds
184,Cabedelo,BR,-11.9419,-38.0844,68.83,89,87,4.36,overcast clouds
185,Esna,EG,31.3525,27.2453,77.2,73,0,6.91,clear sky
186,Vostok,RU,71.9167,114.0833,42.01,76,67,14.54,broken clouds
187,Fairbanks,US,57.79,-152.4072,53.73,83,100,11.01,overcast clouds
188,Calabozo,VE,11.0333,-63.8628,81.45,76,11,11.68,few clouds
189,Kizukuri,JP,35.1333,140.3,78.82,82,64,9.1,broken clouds
190,Rawannawi,KI,3.0707,172.7902,81.28,78,70,7.76,light rain
191,Pacific Grove,US,57.79,-152.4072,53.73,83,100,11.01,overcast clouds
192,Obilnoye,RU,71.9167,114.0833,42.01,76,67,14.54,broken clouds
193,Bredasdorp,ZA,-33.5906,26.891,56.17,97,100,1.99,overcast clouds
194,Kichmengskiy Gorodok,RU,71.9167,114.0833,42.01,76,67,14.54,broken clouds
195,Tiksi,RU,71.9167,114.0833,42.01,76,67,14.54,broken clouds
196,Klaksvik,FO,62.2266,-6.589,49.12,91,98,18.7,overcast clouds
197,Chokurdakh,RU,71.9167,114.0833,42.01,76,67,14.54,broken clouds
198,Maun,BW,-19.9833,23.4167,66.16,52,0,5.75,clear sky
199,Nicholasville,US,57.79,-152.4072,53.73,83,100,11.01,overcast clouds
200,Airai,PW,7.0419,134.2556,75.7,73,74,2.19,broken clouds
201,Beloha,MG,-14.2667,50.1667,69.03,83,42,13.35,light rain
202,Brokopondo,SR,4.75,-55.1667,79.47,82,67,7.9,light rain
203,Upernavik,GL,77.484,-69.3632,41.14,80,100,2.95,overcast clouds
204,Gorno-Chuyskiy,RU,71.9167,114.0833,42.01,76,67,14.54,broken clouds
205,Sitka,US,57.79,-152.4072,53.73,83,100,11.01,overcast clouds
206,Portobelo,PA,8.5196,-81.7115,63.68,93,100,1.3,overcast clouds
207,East London,ZA,-33.5906,26.891,56.17,97,100,1.99,overcast clouds
208,Moose Factory,CA,45.6169,-61.3485,76.91,63,0,13.0,clear sky
209,Adiake,CI,5.2863,-3.304,72.72,79,23,7.31,few clouds
210,Bambous Virieux,MU,-20.0064,57.6608,68.4,75,94,10.0,light rain
211,Ostrovnoy,RU,71.9167,114.0833,42.01,76,67,14.54,broken clouds
212,Nenjiang,CN,41.1231,80.2644,75.25,24,0,10.47,clear sky
213,Zhongshu,CN,41.1231,80.2644,75.25,24,0,10.47,clear sky
214,Valparaiso,CL,-41.8697,-73.8203,40.23,67,77,11.48,broken clouds
215,Brae,GB,50.1544,-5.0711,61.7,82,75,4.61,broken clouds
216,Hualmay,PE,-15.6383,-71.6011,55.87,28,34,4.0,scattered clouds
217,Hasaki,JP,35.1333,140.3,78.82,82,64,9.1,broken clouds
218,Nicoya,CR,10.1483,-85.452,78.8,90,100,4.47,overcast clouds
219,Mizan Teferi,ET,6.9833,35.5833,60.35,97,100,2.66,overcast clouds
220,Chumikan,RU,71.9167,114.0833,42.01,76,67,14.54,broken clouds
221,Kajaani,FI,64.2273,27.7285,57.25,88,0,2.3,clear sky
222,Masterton,NZ,-46.6,168.3333,40.8,72,100,6.96,overcast clouds
223,Price,US,57.79,-152.4072,53.73,83,100,11.01,overcast clouds
224,Port Hardy,CA,45.6169,-61.3485,76.91,63,0,13.0,clear sky
225,Puno,PE,-15.6383,-71.6011,55.87,28,34,4.0,scattered clouds
226,Orchard Homes,US,57.79,-152.4072,53.73,83,100,11.01,overcast clouds
227,Te Anau,NZ,-46.6,168.3333,40.8,72,100,6.96,overcast clouds
228,Abu Kamal,SY,34.4506,40.9171,92.3,19,0,11.9,clear sky
229,Apricena,IT,41.7839,15.4437,75.78,46,0,2.82,clear sky
230,Tambopata,PE,-15.6383,-71.6011,55.87,28,34,4.0,scattered clouds
231,Sorland,NO,60.9242,9.4159,64.11,76,100,2.35,overcast clouds
232,Vaitape,PF,-9.8,-139.0333,77.74,74,8,15.12,clear sky
233,Yar-Sale,RU,71.9167,114.0833,42.01,76,67,14.54,broken clouds
234,Ouadda,CF,8.0777,22.4007,67.69,97,44,1.41,light rain
235,Komsomolskiy,RU,71.9167,114.0833,42.01,76,67,14.54,broken clouds
236,Dali,CN,41.1231,80.2644,75.25,24,0,10.47,clear sky
237,Warmbad,NA,-26.6481,15.1594,56.61,61,3,16.51,clear sky
238,Sao Joao Da Barra,BR,-11.9419,-38.0844,68.83,89,87,4.36,overcast clouds
239,Quelimane,MZ,-25.9653,32.5892,67.68,83,75,13.0,broken clouds
240,Kamenka,RU,71.9167,114.0833,42.01,76,67,14.54,broken clouds
241,Borba,BR,-11.9419,-38.0844,68.83,89,87,4.36,overcast clouds
242,Kasangulu,CD,-0.2167,20.8667,75.0,81,57,1.59,broken clouds
243,Tuatapere,NZ,-46.6,168.3333,40.8,72,100,6.96,overcast clouds
244,Kathu,TH,7.9178,98.3332,85.75,83,100,14.79,overcast clouds
245,Karasjok,NO,60.9242,9.4159,64.11,76,100,2.35,overcast clouds
246,Arraial Do Cabo,BR,-11.9419,-38.0844,68.83,89,87,4.36,overcast clouds
247,Mantua,CU,22.5206,-79.4669,84.04,73,8,15.12,clear sky
248,Zunyi,CN,41.1231,80.2644,75.25,24,0,10.47,clear sky
249,Tabuk,PH,17.4189,121.4443,75.74,91,78,1.54,broken clouds
250,Ylivieska,FI,64.2273,27.7285,57.25,88,0,2.3,clear sky
251,Warqla,MR,20.5022,-10.0711,94.93,19,35,11.48,scattered clouds
252,Sept-Iles,CA,45.6169,-61.3485,76.91,63,0,13.0,clear sky
253,Bonfim,BR,-11.9419,-38.0844,68.83,89,87,4.36,overcast clouds
254,Betong,TH,7.9178,98.3332,85.75,83,100,14.79,overcast clouds
255,Cabinda,AO,-12.3833,16.9333,54.88,42,8,0.34,clear sky
256,Samarai,PG,-2.0226,147.2712,81.1,77,96,3.47,overcast clouds
257,Panguna,PG,-2.0226,147.2712,81.1,77,96,3.47,overcast clouds
258,Aban,RU,71.9167,114.0833,42.01,76,67,14.54,broken clouds
259,Sakakah,PH,17.4189,121.4443,75.74,91,78,1.54,broken clouds
260,Ust-Nera,RU,71.9167,114.0833,42.01,76,67,14.54,broken clouds
261,Krasnovishersk,RU,71.9167,114.0833,42.01,76,67,14.54,broken clouds
262,Nikolayevsk-Na-Amure,RU,71.9167,114.0833,42.01,76,67,14.54,broken clouds
263,Cuicatlan,MX,22.8909,-109.9124,97.61,49,0,17.27,clear sky
264,Goderich,CA,43.7501,-81.7165,77.92,94,75,18.41,broken clouds
265,Port Blair,IN,24.5167,86.65,82.58,77,100,4.23,overcast clouds
266,Ribeira Grande,PT,32.6667,-17.1,73.71,81,5,7.23,clear sky
267,Port Elizabeth,ZA,-33.5906,26.891,56.17,97,100,1.99,overcast clouds
268,Seoul,KR,37.5683,126.9778,69.4,97,100,11.5,moderate rain
269,Salalah,OM,22.5667,59.5289,83.57,77,86,15.01,overcast clouds
270,Payo,ID,-3.7508,103.6372,71.1,98,37,1.88,scattered clouds
271,Sentyabrskiy,RU,71.9167,114.0833,42.01,76,67,14.54,broken clouds
272,Jahangirabad,IN,24.5167,86.65,82.58,77,100,4.23,overcast clouds
273,Harnoli,PK,32.2792,71.5539,97.95,40,7,8.03,clear sky
274,Ngunguru,NZ,-46.6,168.3333,40.8,72,100,6.96,overcast clouds
275,Kropotkin,RU,71.9167,114.0833,42.01,76,67,14.54,broken clouds
276,Grindavik,IS,66.0449,-17.3389,45.7,90,100,5.68,overcast clouds
277,Bhuban,IN,24.5167,86.65,82.58,77,100,4.23,overcast clouds
278,Mys Shmidta,RU,71.9167,114.0833,42.01,76,67,14.54,broken clouds
279,Coquimbo,CL,-41.8697,-73.8203,40.23,67,77,11.48,broken clouds
280,Farah,AF,32.5,62.5,85.53,13,0,3.65,clear sky
281,Huadian,CN,41.1231,80.2644,75.25,24,0,10.47,clear sky
282,Srednekolymsk,RU,71.9167,114.0833,42.01,76,67,14.54,broken clouds
283,Kruisfontein,ZA,-33.5906,26.891,56.17,97,100,1.99,overcast clouds
284,Colesberg,ZA,-33.5906,26.891,56.17,97,100,1.99,overcast clouds
285,Kyren,RU,71.9167,114.0833,42.01,76,67,14.54,broken clouds
286,Almeirim,BR,-11.9419,-38.0844,68.83,89,87,4.36,overcast clouds
287,Meyungs,PW,7.0419,134.2556,75.7,73,74,2.19,broken clouds
288,Domoni,KM,-12.2569,44.5319,73.33,74,0,4.12,clear sky
289,Muravlenko,RU,71.9167,114.0833,42.01,76,67,14.54,broken clouds
290,Monteiro,BR,-11.9419,-38.0844,68.83,89,87,4.36,overcast clouds
291,Inirida,CO,3.8653,-67.9239,77.47,93,72,2.35,broken clouds
292,Dobronin,CZ,49.4783,15.6499,73.62,57,52,6.71,broken clouds
293,Tadine,NC,-22.6667,167.4833,73.89,88,98,10.2,overcast clouds
294,Pavlodar,KZ,51.1,66.3167,68.81,63,71,6.73,broken clouds
295,Maiduguri,NG,11.8464,13.1603,74.07,76,72,1.77,broken clouds
296,Umzimvubu,ZA,-33.5906,26.891,56.17,97,100,1.99,overcast clouds
297,Nove Hrady,CZ,49.4783,15.6499,73.62,57,52,6.71,broken clouds
298,Marcona,PE,-15.6383,-71.6011,55.87,28,34,4.0,scattered clouds
299,Cidreira,BR,-11.9419,-38.0844,68.83,89,87,4.36,overcast clouds
300,Tilichiki,RU,71.9167,114.0833,42.01,76,67,14.54,broken clouds
301,Nipawin,CA,45.6169,-61.3485,76.91,63,0,13.0,clear sky
302,Qaqortoq,GL,77.484,-69.3632,41.14,80,100,2.95,overcast clouds
303,Mandalgovi,MN,47.9077,106.8832,57.33,77,75,4.47,broken clouds
304,Gusinoye Ozero,RU,71.9167,114.0833,42.01,76,67,14.54,broken clouds
305,Mnogovershinnyy,RU,71.9167,114.0833,42.01,76,67,14.54,broken clouds
306,Sataua,WS,-13.8745,-171.5986,83.98,77,34,24.9,light rain
307,Antalaha,MG,-14.2667,50.1667,69.03,83,42,13.35,light rain
308,Semey,KZ,51.1,66.3167,68.81,63,71,6.73,broken clouds
309,Saleaula,WS,-13.8745,-171.5986,83.98,77,34,24.9,light rain
310,Benidorm,ES,38.5382,-0.131,81.48,71,0,7.74,clear sky
311,Stromness,GB,50.1544,-5.0711,61.7,82,75,4.61,broken clouds
312,Natchitoches,US,57.79,-152.4072,53.73,83,100,11.01,overcast clouds
313,Qiyang,CN,41.1231,80.2644,75.25,24,0,10.47,clear sky
314,Benguela,AO,-12.3833,16.9333,54.88,42,8,0.34,clear sky
315,Chitral,PK,32.2792,71.5539,97.95,40,7,8.03,clear sky
316,Patan,IN,24.5167,86.65,82.58,77,100,4.23,overcast clouds
317,Broken Hill,US,42.6001,-73.9662,94.03,49,47,4.0,scattered clouds
318,Kavieng,PG,-2.0226,147.2712,81.1,77,96,3.47,overcast clouds
319,Zolotinka,RU,71.9167,114.0833,42.01,76,67,14.54,broken clouds
320,Progreso,MX,22.8909,-109.9124,97.61,49,0,17.27,clear sky
321,Herat,AF,32.5,62.5,85.53,13,0,3.65,clear sky
322,Polyarnyye Zori,RU,71.9167,114.0833,42.01,76,67,14.54,broken clouds
323,Pasco,US,57.79,-152.4072,53.73,83,100,11.01,overcast clouds
324,Mocambique,MZ,-25.9653,32.5892,67.68,83,75,13.0,broken clouds
325,Flin Flon,CA,45.6169,-61.3485,76.91,63,0,13.0,clear sky
326,Pajan,EC,-0.7393,-90.3518,78.76,100,94,8.99,overcast clouds
327,Rabo De Peixe,PT,32.6667,-17.1,73.71,81,5,7.23,clear sky
328,Jiddah,PH,17.4189,121.4443,75.74,91,78,1.54,broken clouds
329,Cottonwood,US,57.79,-152.4072,53.73,83,100,11.01,overcast clouds
330,Westport,NZ,-46.6,168.3333,40.8,72,100,6.96,overcast clouds
331,Soyo,AO,-12.3833,16.9333,54.88,42,8,0.34,clear sky
332,Peterhead,GB,50.1544,-5.0711,61.7,82,75,4.61,broken clouds
333,Aquiraz,BR,-11.9419,-38.0844,68.83,89,87,4.36,overcast clouds
334,Ndele,CF,8.0777,22.4007,67.69,97,44,1.41,light rain
335,La Rioja,AR,-54.8,-68.3,31.66,86,100,21.85,snow
336,Viedma,AR,-54.8,-68.3,31.66,86,100,21.85,snow
337,Kavaratti,IN,24.5167,86.65,82.58,77,100,4.23,overcast clouds
338,Constitucion,MX,22.8909,-109.9124,97.61,49,0,17.27,clear sky
339,Ayr,US,42.6001,-73.9662,94.03,49,47,4.0,scattered clouds
340,Saint-Joseph,RE,-21.3585,55.7679,67.59,78,45,13.69,scattered clouds
341,Muros,ES,38.5382,-0.131,81.48,71,0,7.74,clear sky
342,Taltal,CL,-41.8697,-73.8203,40.23,67,77,11.48,broken clouds
343,Kuche,CN,41.1231,80.2644,75.25,24,0,10.47,clear sky
344,Westport,PH,10.9995,122.6711,76.77,89,80,1.48,broken clouds
345,Lavrentiya,RU,71.9167,114.0833,42.01,76,67,14.54,broken clouds
346,Seravezza,IT,41.7839,15.4437,75.78,46,0,2.82,clear sky
347,Tieli,CN,41.1231,80.2644,75.25,24,0,10.47,clear sky
348,Ocos,GT,14.5094,-92.1933,85.01,72,100,7.52,overcast clouds
349,Nome,US,57.79,-152.4072,53.73,83,100,11.01,overcast clouds
350,Avera,PF,-9.8,-139.0333,77.74,74,8,15.12,clear sky
351,Nizhnyaya Poyma,RU,71.9167,114.0833,42.01,76,67,14.54,broken clouds
352,Half Moon Bay,US,57.79,-152.4072,53.73,83,100,11.01,overcast clouds
353,Kochki,RU,71.9167,114.0833,42.01,76,67,14.54,broken clouds
354,Shelburne,CA,45.6169,-61.3485,76.91,63,0,13.0,clear sky
355,Nemuro,JP,35.1333,140.3,78.82,82,64,9.1,broken clouds
356,Liwale,TZ,-9.7667,37.9333,62.76,84,55,1.95,broken clouds
357,Ixtapa,MX,22.8909,-109.9124,97.61,49,0,17.27,clear sky
358,Bilibino,RU,71.9167,114.0833,42.01,76,67,14.54,broken clouds
359,Biu,NG,11.8464,13.1603,74.07,76,72,1.77,broken clouds
360,Kemlya,RU,71.9167,114.0833,42.01,76,67,14.54,broken clouds
361,Miechow,PL,50.3565,20.0279,72.61,61,49,4.43,scattered clouds
362,Puerto Escondido,MX,22.8909,-109.9124,97.61,49,0,17.27,clear sky
363,Ialibu,PG,-2.0226,147.2712,81.1,77,96,3.47,overcast clouds
364,Terrace,CA,45.6169,-61.3485,76.91,63,0,13.0,clear sky
365,Laurel,US,57.79,-152.4072,53.73,83,100,11.01,overcast clouds
366,Beringovskiy,RU,71.9167,114.0833,42.01,76,67,14.54,broken clouds
367,Nurota,UZ,40.5614,65.6886,81.95,18,0,10.07,clear sky
368,Shimoda,JP,35.1333,140.3,78.82,82,64,9.1,broken clouds
369,Bilma,NE,18.6853,12.9164,92.82,17,73,2.86,broken clouds
370,Birecik,TR,36.3703,30.2869,83.17,42,0,6.46,clear sky
371,Kudahuvadhoo,MV,3.7833,72.9667,80.67,75,100,13.33,overcast clouds
372,Mount Gambier,US,42.6001,-73.9662,94.03,49,47,4.0,scattered clouds
373,Saldanha,ZA,-33.5906,26.891,56.17,97,100,1.99,overcast clouds
374,Tlahualilo,MX,22.8909,-109.9124,97.61,49,0,17.27,clear sky
375,Aasiaat,GL,77.484,-69.3632,41.14,80,100,2.95,overcast clouds
376,Capalnita,RO,44.95,27.2167,74.28,35,19,7.25,few clouds
377,Souillac,MU,-20.0064,57.6608,68.4,75,94,10.0,light rain
378,Alice Springs,US,42.6001,-73.9662,94.03,49,47,4.0,scattered clouds
379,Atherton,US,42.6001,-73.9662,94.03,49,47,4.0,scattered clouds
380,Kichera,RU,71.9167,114.0833,42.01,76,67,14.54,broken clouds
381,Kinshasa,CD,-0.2167,20.8667,75.0,81,57,1.59,broken clouds
382,Kahului,US,57.79,-152.4072,53.73,83,100,11.01,overcast clouds
383,Karratha,US,42.6001,-73.9662,94.03,49,47,4.0,scattered clouds
384,Hambantota,LK,6.1241,81.1185,77.34,100,20,4.61,few clouds
385,Attawapiskat,CA,45.6169,-61.3485,76.91,63,0,13.0,clear sky
386,Northam,US,42.6001,-73.9662,94.03,49,47,4.0,scattered clouds
387,Mackay,US,42.6001,-73.9662,94.03,49,47,4.0,scattered clouds
388,Guerrero Negro,MX,22.8909,-109.9124,97.61,49,0,17.27,clear sky
389,Gamba,GA,-2.65,10.0,69.49,95,90,4.36,overcast clouds
390,Muskego,US,57.79,-152.4072,53.73,83,100,11.01,overcast clouds
391,Kampot,KH,10.6167,104.1833,75.25,94,100,5.93,light rain
392,Mana,GF,4.9333,-52.3333,82.44,1,40,8.05,scattered clouds
393,Basco,ID,-3.7508,103.6372,71.1,98,37,1.88,scattered clouds
394,Nikolskoye,RU,71.9167,114.0833,42.01,76,67,14.54,broken clouds
395,Acurenam,GQ,1.0322,10.6488,67.23,96,100,4.16,overcast clouds
396,Saint George,US,37.1041,-113.5841,107.94,14,0,11.5,clear sky
397,Huarmey,PE,-15.6383,-71.6011,55.87,28,34,4.0,scattered clouds
398,Faanui,PF,-9.8,-139.0333,77.74,74,8,15.12,clear sky
399,North Ogden,US,57.79,-152.4072,53.73,83,100,11.01,overcast clouds
400,Mujiayingzi,CN,41.1231,80.2644,75.25,24,0,10.47,clear sky
401,Dandong,CN,41.1231,80.2644,75.25,24,0,10.47,clear sky
402,Conceicao Da Barra,BR,-11.9419,-38.0844,68.83,89,87,4.36,overcast clouds
403,Bereznik,RU,71.9167,114.0833,42.01,76,67,14.54,broken clouds
404,Dzerzhinskoye,RU,71.9167,114.0833,42.01,76,67,14.54,broken clouds
405,Chapais,CA,45.6169,-61.3485,76.91,63,0,13.0,clear sky
406,Puerto Baquerizo Moreno,EC,-0.7393,-90.3518,78.76,100,94,8.99,overcast clouds
407,Awbari,LY,26.5921,12.7805,83.82,20,0,5.59,clear sky
408,Honningsvag,NO,60.9242,9.4159,64.11,76,100,2.35,overcast clouds
409,Pangody,RU,71.9167,114.0833,42.01,76,67,14.54,broken clouds
410,Hokitika,NZ,-46.6,168.3333,40.8,72,100,6.96,overcast clouds
411,Ponta Do Sol,CV,14.8961,-24.4956,76.51,88,75,5.82,broken clouds
412,Lazaro Cardenas,MX,22.8909,-109.9124,97.61,49,0,17.27,clear sky
413,Jumla,NP,29.2747,82.1838,63.73,97,100,1.45,overcast clouds
414,Mattru,CA,43.7501,-81.7165,77.92,94,75,18.41,broken clouds
415,Dukat,RU,71.9167,114.0833,42.01,76,67,14.54,broken clouds
416,Hay River,CA,45.6169,-61.3485,76.91,63,0,13.0,clear sky
417,Anito,ID,-3.7508,103.6372,71.1,98,37,1.88,scattered clouds
418,Caravelas,BR,-11.9419,-38.0844,68.83,89,87,4.36,overcast clouds
419,Camacupa,AO,-12.3833,16.9333,54.88,42,8,0.34,clear sky
420,Lasa,CN,41.1231,80.2644,75.25,24,0,10.47,clear sky
421,Nanakuli,US,57.79,-152.4072,53.73,83,100,11.01,overcast clouds
422,Sjenica,RS,43.2731,19.9994,58.28,55,0,0.87,clear sky
423,Gornopravdinsk,RU,71.9167,114.0833,42.01,76,67,14.54,broken clouds
424,Bozoum,CF,8.0777,22.4007,67.69,97,44,1.41,light rain
425,Tubuala,PA,8.5196,-81.7115,63.68,93,100,1.3,overcast clouds
426,Skalistyy,RU,71.9167,114.0833,42.01,76,67,14.54,broken clouds
427,Ahuimanu,US,57.79,-152.4072,53.73,83,100,11.01,overcast clouds
428,Mubende,UG,0.5606,31.39,60.17,67,30,0.69,scattered clouds
429,Carlsbad,US,57.79,-152.4072,53.73,83,100,11.01,overcast clouds
430,Gat,LY,26.5921,12.7805,83.82,20,0,5.59,clear sky
431,Grand River South East,MU,-20.0064,57.6608,68.4,75,94,10.0,light rain
432,Lagoa,PT,32.6667,-17.1,73.71,81,5,7.23,clear sky
433,Riberalta,CO,6.3463,-75.5089,81.03,53,40,13.8,scattered clouds
434,Amapa,BR,-11.9419,-38.0844,68.83,89,87,4.36,overcast clouds
435,Henties Bay,NA,-26.6481,15.1594,56.61,61,3,16.51,clear sky
436,Lodwar,KE,3.1191,35.5973,78.6,52,79,16.49,broken clouds
437,Bubaque,GW,11.2833,-15.8333,76.64,92,100,16.91,moderate rain
438,Isangel,VU,-19.55,169.2667,80.71,89,40,4.61,scattered clouds
439,Abu Samrah,SY,35.3029,37.1841,76.51,55,0,12.93,clear sky
440,Tarragona,ID,-3.7508,103.6372,71.1,98,37,1.88,scattered clouds
441,San Cristobal,EC,-0.7393,-90.3518,78.76,100,94,8.99,overcast clouds
442,Sola,VU,-19.55,169.2667,80.71,89,40,4.61,scattered clouds
443,Bolitoc,ID,-3.7508,103.6372,71.1,98,37,1.88,scattered clouds
444,Kouango,CF,8.0777,22.4007,67.69,97,44,1.41,light rain
445,Oktyabrskiy,RU,71.9167,114.0833,42.01,76,67,14.54,broken clouds
446,Belushya Guba,RU,71.9167,114.0833,42.01,76,67,14.54,broken clouds
447,Havoysund,NO,60.9242,9.4159,64.11,76,100,2.35,overcast clouds
448,Pevek,RU,71.9167,114.0833,42.01,76,67,14.54,broken clouds
449,Guaruja,BR,-11.9419,-38.0844,68.83,89,87,4.36,overcast clouds
450,Crestview,US,57.79,-152.4072,53.73,83,100,11.01,overcast clouds
451,Honiara,PT,40.1629,-8.3327,60.6,89,0,1.63,clear sky
452,Big Rapids,US,57.79,-152.4072,53.73,83,100,11.01,overcast clouds
453,Namibe,AO,-12.3833,16.9333,54.88,42,8,0.34,clear sky
454,Clyde River,CA,45.6169,-61.3485,76.91,63,0,13.0,clear sky
455,Loubomo,CG,-4.1997,12.6739,68.07,87,67,4.07,broken clouds
456,Guiyang,CN,41.1231,80.2644,75.25,24,0,10.47,clear sky
457,Plettenberg Bay,ZA,-33.5906,26.891,56.17,97,100,1.99,overcast clouds
458,Wembley,CA,45.6169,-61.3485,76.91,63,0,13.0,clear sky
459,Poindimie,NC,-22.6667,167.4833,73.89,88,98,10.2,overcast clouds
460,Kortkeros,RU,71.9167,114.0833,42.01,76,67,14.54,broken clouds
461,Hamilton,US,37.1041,-113.5841,107.94,14,0,11.5,clear sky
462,Hillsborough,US,37.5741,-122.3794,91.29,66,20,20.71,few clouds
463,Hami,CN,41.1231,80.2644,75.25,24,0,10.47,clear sky
464,Banepa,NP,29.2747,82.1838,63.73,97,100,1.45,overcast clouds
465,Nambour,US,42.6001,-73.9662,94.03,49,47,4.0,scattered clouds
466,Smithers,CA,45.6169,-61.3485,76.91,63,0,13.0,clear sky
467,Muroto,JP,35.1333,140.3,78.82,82,64,9.1,broken clouds
468,Shitanjing,CN,41.1231,80.2644,75.25,24,0,10.47,clear sky
469,Ambulu,ID,-8.345,113.6058,71.04,90,6,3.83,clear sky
470,Rakovnik,CZ,49.4783,15.6499,73.62,57,52,6.71,broken clouds
471,Dengzhou,CN,41.1231,80.2644,75.25,24,0,10.47,clear sky
472,Tromso,NO,60.9242,9.4159,64.11,76,100,2.35,overcast clouds
473,Sao Joaquim,BR,-11.9419,-38.0844,68.83,89,87,4.36,overcast clouds
474,Zvishavane,ZW,-20.3267,30.0665,62.13,66,97,1.16,light rain
475,Zhuhai,CN,41.1231,80.2644,75.25,24,0,10.47,clear sky
476,Santa Rosa,AR,-54.8,-68.3,31.66,86,100,21.85,snow
477,Dakar,SN,14.6937,-17.4441,80.73,89,75,2.3,broken clouds
478,Limenaria,GR,40.6261,24.5786,75.94,63,0,1.1,clear sky
479,Hondo,JP,35.1333,140.3,78.82,82,64,9.1,broken clouds
480,Timaru,NZ,-46.6,168.3333,40.8,72,100,6.96,overcast clouds
481,Teahupoo,PF,-9.8,-139.0333,77.74,74,8,15.12,clear sky
482,Aden,YE,12.7794,45.0367,83.05,72,100,13.24,overcast clouds
483,Santiago De Cuba,CU,22.5206,-79.4669,84.04,73,8,15.12,clear sky
484,Luanda,AO,-12.3833,16.9333,54.88,42,8,0.34,clear sky
485,Havre,US,57.79,-152.4072,53.73,83,100,11.01,overcast clouds
486,Sharanga,RU,71.9167,114.0833,42.01,76,67,14.54,broken clouds
487,Grafton,US,57.79,-152.4072,53.73,83,100,11.01,overcast clouds
488,Lisakovsk,KZ,51.1,66.3167,68.81,63,71,6.73,broken clouds
489,Sistranda,NO,60.9242,9.4159,64.11,76,100,2.35,overcast clouds
490,Piney Green,US,57.79,-152.4072,53.73,83,100,11.01,overcast clouds
491,Urdzhar,KZ,51.1,66.3167,68.81,63,71,6.73,broken clouds
492,Richards Bay,ZA,-33.5906,26.891,56.17,97,100,1.99,overcast clouds
493,Merauke,ID,-8.345,113.6058,71.04,90,6,3.83,clear sky
494,Letka,RU,71.9167,114.0833,42.01,76,67,14.54,broken clouds
495,Abu Dhabi,AE,24.4667,54.3667,95.02,68,0,3.44,clear sky
496,Ventspils,LV,57.3894,21.5606,55.33,100,48,0.0,fog
497,Kingskettle,GB,50.1544,-5.0711,61.7,82,75,4.61,broken clouds
498,Roald,NO,60.9242,9.4159,64.11,76,100,2.35,overcast clouds
499,Smolenka,RU,71.9167,114.0833,42.01,76,67,14.54,broken clouds
500,Wuhan,CN,41.1231,80.2644,75.25,24,0,10.47,clear sky
501,Santo Domingo Xenacoj,GT,14.5094,-92.1933,85.01,72,100,7.52,overcast clouds
502,Palabuhanratu,ID,-8.345,113.6058,71.04,90,6,3.83,clear sky
503,Kaeo,NZ,-46.6,168.3333,40.8,72,100,6.96,overcast clouds
504,Shaunavon,CA,45.6169,-61.3485,76.91,63,0,13.0,clear sky
505,Coihaique,CL,-41.8697,-73.8203,40.23,67,77,11.48,broken clouds
506,Imbituba,BR,-11.9419,-38.0844,68.83,89,87,4.36,overcast clouds
507,Saint-Francois,FR,46.4154,3.9054,65.64,77,0,2.3,clear sky
508,Sansai,TH,7.9178,98.3332,85.75,83,100,14.79,overcast clouds
509,Sibolga,ID,-8.345,113.6058,71.04,90,6,3.83,clear sky
510,Bhera,PK,32.2792,71.5539,97.95,40,7,8.03,clear sky
511,Challapata,CO,6.3463,-75.5089,81.03,53,40,13.8,scattered clouds
512,Tawang,IN,24.5167,86.65,82.58,77,100,4.23,overcast clouds
513,Ondjiva,AO,-12.3833,16.9333,54.88,42,8,0.34,clear sky
514,Mont-Dore,NC,-22.6667,167.4833,73.89,88,98,10.2,overcast clouds
515,Minsk,BY,53.9,27.5667,55.15,81,1,11.3,clear sky
516,Lensk,RU,71.9167,114.0833,42.01,76,67,14.54,broken clouds
517,Trairi,BR,-11.9419,-38.0844,68.83,89,87,4.36,overcast clouds
518,Novaya Ladoga,RU,71.9167,114.0833,42.01,76,67,14.54,broken clouds
519,Taoudenni,ML,22.6783,-3.9836,94.84,34,55,17.54,broken clouds
520,Oistins,BB,13.0667,-59.5333,84.29,79,40,16.11,scattered clouds
521,Porbandar,IN,24.5167,86.65,82.58,77,100,4.23,overcast clouds
522,Palu,ID,-8.345,113.6058,71.04,90,6,3.83,clear sky
523,Magistralnyy,RU,71.9167,114.0833,42.01,76,67,14.54,broken clouds
524,Ust-Kamchatsk,RU,71.9167,114.0833,42.01,76,67,14.54,broken clouds
525,San Alberto,CO,3.8653,-67.9239,77.47,93,72,2.35,broken clouds
526,Neiafu,TO,-21.2,-175.2,77.16,83,40,9.22,scattered clouds
527,Ossora,RU,71.9167,114.0833,42.01,76,67,14.54,broken clouds
528,Sovetskiy,RU,71.9167,114.0833,42.01,76,67,14.54,broken clouds
529,Waipawa,NZ,-46.6,168.3333,40.8,72,100,6.96,overcast clouds
530,Edd,ER,13.9297,41.6925,91.47,47,100,5.44,overcast clouds
531,Strezhevoy,RU,71.9167,114.0833,42.01,76,67,14.54,broken clouds
532,North Platte,US,57.79,-152.4072,53.73,83,100,11.01,overcast clouds
533,Lompoc,US,57.79,-152.4072,53.73,83,100,11.01,overcast clouds
534,Pachino,IT,41.7839,15.4437,75.78,46,0,2.82,clear sky
535,Yongan,CN,41.1231,80.2644,75.25,24,0,10.47,clear sky
536,Keti Bandar,PK,32.2792,71.5539,97.95,40,7,8.03,clear sky
537,Jiwani,PK,32.2792,71.5539,97.95,40,7,8.03,clear sky
538,Plainview,US,57.79,-152.4072,53.73,83,100,11.01,overcast clouds
539,Camopi,GF,4.9333,-52.3333,82.44,1,40,8.05,scattered clouds
540,Saryshagan,KZ,51.1,66.3167,68.81,63,71,6.73,broken clouds
541,Cheuskiny,RU,71.9167,114.0833,42.01,76,67,14.54,broken clouds
542,Labuan,MY,5.3302,103.1408,76.95,100,40,8.05,thunderstorm with rain
543,Guozhen,CN,41.1231,80.2644,75.25,24,0,10.47,clear sky
544,Ayorou,NE,18.6853,12.9164,92.82,17,73,2.86,broken clouds
545,Le Vauclin,MQ,14.5452,-60.8388,79.84,94,28,3.44,scattered clouds
546,Iralaya,HN,15.0,-83.2333,82.62,75,84,8.84,broken clouds
547,Giovinazzo,IT,41.7839,15.4437,75.78,46,0,2.82,clear sky
548,Sergeyevka,KZ,51.1,66.3167,68.81,63,71,6.73,broken clouds
549,Ulaangom,MN,47.9077,106.8832,57.33,77,75,4.47,broken clouds
550,Gori,GE,41.9842,44.1158,63.32,92,46,7.83,scattered clouds
551,Uttarkashi,IN,24.5167,86.65,82.58,77,100,4.23,overcast clouds
552,Filingue,NE,18.6853,12.9164,92.82,17,73,2.86,broken clouds
553,Camacha,PT,32.6667,-17.1,73.71,81,5,7.23,clear sky
554,Nata,BW,-19.9833,23.4167,66.16,52,0,5.75,clear sky
555,Beidao,CN,41.1231,80.2644,75.25,24,0,10.47,clear sky
556,Umm Kaddadah,SD,13.6017,26.6876,84.49,48,44,9.42,light rain
557,Talnakh,RU,71.9167,114.0833,42.01,76,67,14.54,broken clouds
558,Ajaccio,FR,44.5875,-1.0519,68.32,82,0,2.3,mist
559,Colares,PT,32.6667,-17.1,73.71,81,5,7.23,clear sky
560,Kodar,IN,24.5167,86.65,82.58,77,100,4.23,overcast clouds
561,San Jose,GT,14.5094,-92.1933,85.01,72,100,7.52,overcast clouds
562,Hammerfest,NO,60.9242,9.4159,64.11,76,100,2.35,overcast clouds
563,San Rafael,AR,-54.8,-68.3,31.66,86,100,21.85,snow
564,Breasta,RO,44.95,27.2167,74.28,35,19,7.25,few clouds
565,Lapinig,ID,-3.7508,103.6372,71.1,98,37,1.88,scattered clouds
566,Morris,CA,45.6169,-61.3485,76.91,63,0,13.0,clear sky
567,Kasongo-Lunda,CD,-0.2167,20.8667,75.0,81,57,1.59,broken clouds
568,Gotsu,JP,35.1333,140.3,78.82,82,64,9.1,broken clouds
569,Shorewood,US,57.79,-152.4072,53.73,83,100,11.01,overcast clouds
570,Udachnyy,RU,71.9167,114.0833,42.01,76,67,14.54,broken clouds
571,Kargasok,RU,71.9167,114.0833,42.01,76,67,14.54,broken clouds
572,Marienburg,SR,4.75,-55.1667,79.47,82,67,7.9,light rain
573,Paragominas,BR,-11.9419,-38.0844,68.83,89,87,4.36,overcast clouds
574,Naze,JP,35.1333,140.3,78.82,82,64,9.1,broken clouds
575,Heyang,CN,41.1231,80.2644,75.25,24,0,10.47,clear sky
576,Caluquembe,AO,-12.3833,16.9333,54.88,42,8,0.34,clear sky
577,Kemin,KG,42.7846,75.6892,68.0,35,0,6.78,clear sky
578,Iseyin,NG,11.8464,13.1603,74.07,76,72,1.77,broken clouds
579,Margate,ZA,-33.5906,26.891,56.17,97,100,1.99,overcast clouds
580,Port Augusta,US,42.6001,-73.9662,94.03,49,47,4.0,scattered clouds
581,Karaul,RU,71.9167,114.0833,42.01,76,67,14.54,broken clouds
582,Balimo,PG,-2.0226,147.2712,81.1,77,96,3.47,overcast clouds
583,Shakawe,BW,-19.9833,23.4167,66.16,52,0,5.75,clear sky
584,Mumbwa,ZM,-14.9783,27.0619,65.21,54,83,7.27,broken clouds
585,Olafsvik,IS,66.0449,-17.3389,45.7,90,100,5.68,overcast clouds
586,Warri,NG,11.8464,13.1603,74.07,76,72,1.77,broken clouds
587,Alta Floresta,BR,-11.9419,-38.0844,68.83,89,87,4.36,overcast clouds
588,Santiago,PE,-15.6383,-71.6011,55.87,28,34,4.0,scattered clouds
589,Santa Maria Da Vitoria,BR,-11.9419,-38.0844,68.83,89,87,4.36,overcast clouds
590,Chifeng,CN,41.1231,80.2644,75.25,24,0,10.47,clear sky
591,Teya,RU,71.9167,114.0833,42.01,76,67,14.54,broken clouds
592,Quatre Cocos,MU,-20.0064,57.6608,68.4,75,94,10.0,light rain
593,Tabou,CI,5.2863,-3.304,72.72,79,23,7.31,few clouds
594,Yenagoa,NG,11.8464,13.1603,74.07,76,72,1.77,broken clouds
595,Whitianga,NZ,-46.6,168.3333,40.8,72,100,6.96,overcast clouds
596,Pallasovka,RU,71.9167,114.0833,42.01,76,67,14.54,broken clouds
597,Kuantan,MY,5.3302,103.1408,76.95,100,40,8.05,thunderstorm with rain
598,Formoso Do Araguaia,BR,-11.9419,-38.0844,68.83,89,87,4.36,overcast clouds
599,Zhob,PK,32.2792,71.5539,97.95,40,7,8.03,clear sky
600,Salinas,BR,-11.9419,-38.0844,68.83,89,87,4.36,overcast clouds
601,Ijaki,KI,3.0707,172.7902,81.28,78,70,7.76,light rain
602,Poum,NC,-22.6667,167.4833,73.89,88,98,10.2,overcast clouds
603,Dembi Dolo,ET,6.9833,35.5833,60.35,97,100,2.66,overcast clouds
604,Briancon,FR,44.5875,-1.0519,68.32,82,0,2.3,mist
605,Acapulco,MX,22.8909,-109.9124,97.61,49,0,17.27,clear sky
606,Torbay,CA,45.6169,-61.3485,76.91,63,0,13.0,clear sky
607,Kalanguy,RU,71.9167,114.0833,42.01,76,67,14.54,broken clouds
608,Shimanovsk,RU,71.9167,114.0833,42.01,76,67,14.54,broken clouds
609,Port Antonio,JM,18.18,-76.4612,91.0,64,29,13.4,scattered clouds
610,Mongoumba,CF,8.0777,22.4007,67.69,97,44,1.41,light rain
611,Ingham,US,42.6001,-73.9662,94.03,49,47,4.0,scattered clouds
612,Orzhytsya,UA,50.9578,31.9209,54.41,80,28,9.89,scattered clouds
613,Bathsheba,BB,13.0667,-59.5333,84.29,79,40,16.11,scattered clouds
614,Necochea,AR,-54.8,-68.3,31.66,86,100,21.85,snow
615,Saurimo,AO,-12.3833,16.9333,54.88,42,8,0.34,clear sky
616,Lufilufi,WS,-13.8745,-171.5986,83.98,77,34,24.9,light rain
617,Balabac,ID,-3.7508,103.6372,71.1,98,37,1.88,scattered clouds
618,Sande,NO,60.9242,9.4159,64.11,76,100,2.35,overcast clouds
619,Cap Malheureux,MU,-20.0064,57.6608,68.4,75,94,10.0,light rain
620,Mkushi,ZM,-14.9783,27.0619,65.21,54,83,7.27,broken clouds
621,Melilla,ES,38.5382,-0.131,81.48,71,0,7.74,clear sky
622,Nchelenge,ZM,-14.9783,27.0619,65.21,54,83,7.27,broken clouds
623,Minas,UY,-33.6971,-53.4616,55.89,95,2,6.49,clear sky
624,Bagan,RU,71.9167,114.0833,42.01,76,67,14.54,broken clouds
625,Saint-Augustin,CA,45.6169,-61.3485,76.91,63,0,13.0,clear sky
626,Sobolevo,RU,71.9167,114.0833,42.01,76,67,14.54,broken clouds
627,Guatire,VE,11.0333,-63.8628,81.45,76,11,11.68,few clouds
628,Sorvag,FO,62.2266,-6.589,49.12,91,98,18.7,overcast clouds
629,Farafangana,MG,-14.2667,50.1667,69.03,83,42,13.35,light rain
630,Florianopolis,BR,-11.9419,-38.0844,68.83,89,87,4.36,overcast clouds
631,Upata,VE,11.0333,-63.8628,81.45,76,11,11.68,few clouds
632,Velka Bites,CZ,49.4783,15.6499,73.62,57,52,6.71,broken clouds
633,Malakal,SD,13.6017,26.6876,84.49,48,44,9.42,light rain
634,Colombo,LK,6.1241,81.1185,77.34,100,20,4.61,few clouds
635,Albanel,CA,45.6169,-61.3485,76.91,63,0,13.0,clear sky
636,Changying,CN,41.1231,80.2644,75.25,24,0,10.47,clear sky
637,Sao Gabriel Da Cachoeira,BR,-11.9419,-38.0844,68.83,89,87,4.36,overcast clouds
638,Comodoro Rivadavia,AR,-54.8,-68.3,31.66,86,100,21.85,snow
639,Dickinson,US,57.79,-152.4072,53.73,83,100,11.01,overcast clouds
640,Nguiu,US,42.6001,-73.9662,94.03,49,47,4.0,scattered clouds
641,Buriti Alegre,BR,-11.9419,-38.0844,68.83,89,87,4.36,overcast clouds
642,Antofagasta,CL,-41.8697,-73.8203,40.23,67,77,11.48,broken clouds
643,Lindenhurst,US,57.79,-152.4072,53.73,83,100,11.01,overcast clouds
644,Prince Rupert,CA,45.6169,-61.3485,76.91,63,0,13.0,clear sky
645,Pampas,PE,-15.6383,-71.6011,55.87,28,34,4.0,scattered clouds
646,Roebourne,US,42.6001,-73.9662,94.03,49,47,4.0,scattered clouds
647,Opuwo,NA,-26.6481,15.1594,56.61,61,3,16.51,clear sky
648,Milingimbi,US,42.6001,-73.9662,94.03,49,47,4.0,scattered clouds
649,Vallentuna,SE,59.5344,18.0776,69.84,76,0,9.22,clear sky
650,Remanso,BR,-11.9419,-38.0844,68.83,89,87,4.36,overcast clouds
651,Buchanan,LR,5.8808,-10.0467,74.3,82,98,10.87,overcast clouds
652,Mingaora,PK,32.2792,71.5539,97.95,40,7,8.03,clear sky
653,The Valley,AI,18.217,-63.0578,84.34,74,20,17.27,few clouds
654,Erenhot,CN,41.1231,80.2644,75.25,24,0,10.47,clear sky
655,Ketchikan,US,57.79,-152.4072,53.73,83,100,11.01,overcast clouds
656,Petropavlovka,RU,71.9167,114.0833,42.01,76,67,14.54,broken clouds
657,Lundazi,ZM,-14.9783,27.0619,65.21,54,83,7.27,broken clouds
658,Mar Del Plata,AR,-54.8,-68.3,31.66,86,100,21.85,snow
659,Sug-Aksy,RU,71.9167,114.0833,42.01,76,67,14.54,broken clouds
660,Lingyuan,CN,41.1231,80.2644,75.25,24,0,10.47,clear sky
661,Churapcha,RU,71.9167,114.0833,42.01,76,67,14.54,broken clouds
662,Anzhero-Sudzhensk,RU,71.9167,114.0833,42.01,76,67,14.54,broken clouds
663,Onalaska,US,57.79,-152.4072,53.73,83,100,11.01,overcast clouds
664,Pushkino,RU,56.0172,37.8667,57.49,96,100,4.81,light rain
665,Puerto Quijarro,CO,6.3463,-75.5089,81.03,53,40,13.8,scattered clouds
666,Mananara,MG,-14.2667,50.1667,69.03,83,42,13.35,light rain
667,Benalla,US,42.6001,-73.9662,94.03,49,47,4.0,scattered clouds
668,Vyssi Brod,CZ,49.4783,15.6499,73.62,57,52,6.71,broken clouds
669,Mareeba,US,42.6001,-73.9662,94.03,49,47,4.0,scattered clouds
670,Mbekenyera,TZ,-9.7667,37.9333,62.76,84,55,1.95,broken clouds
671,Yako,BF,12.9667,-2.2667,79.9,70,81,10.13,broken clouds
672,Safaga,EG,31.3525,27.2453,77.2,73,0,6.91,clear sky
673,Noumea,NC,-22.6667,167.4833,73.89,88,98,10.2,overcast clouds
674,Aklavik,CA,45.6169,-61.3485,76.91,63,0,13.0,clear sky
675,Buala,PT,40.1629,-8.3327,60.6,89,0,1.63,clear sky
676,Erzin,RU,71.9167,114.0833,42.01,76,67,14.54,broken clouds
677,Krasnyy Chikoy,RU,71.9167,114.0833,42.01,76,67,14.54,broken clouds
678,Nizhniy Odes,RU,71.9167,114.0833,42.01,76,67,14.54,broken clouds
679,Khani,RU,71.9167,114.0833,42.01,76,67,14.54,broken clouds
680,Altay,CN,41.1231,80.2644,75.25,24,0,10.47,clear sky
681,Simplicio Mendes,BR,-11.9419,-38.0844,68.83,89,87,4.36,overcast clouds
682,High Rock,BS,26.6208,-78.2833,89.62,69,1,9.51,clear sky
683,Xixiang,CN,41.1231,80.2644,75.25,24,0,10.47,clear sky
684,Victoria,MX,22.8909,-109.9124,97.61,49,0,17.27,clear sky
685,Vanimo,PG,-2.0226,147.2712,81.1,77,96,3.47,overcast clouds
686,Bulgan,MN,47.9077,106.8832,57.33,77,75,4.47,broken clouds
687,Dayong,CN,41.1231,80.2644,75.25,24,0,10.47,clear sky
688,Jasidih,IN,24.5167,86.65,82.58,77,100,4.23,overcast clouds
689,Byron Bay,US,42.6001,-73.9662,94.03,49,47,4.0,scattered clouds
690,Utiroa,KI,3.0707,172.7902,81.28,78,70,7.76,light rain
691,Bambanglipuro,ID,-8.345,113.6058,71.04,90,6,3.83,clear sky
692,Marystown,CA,45.6169,-61.3485,76.91,63,0,13.0,clear sky
693,Narrabri,US,42.6001,-73.9662,94.03,49,47,4.0,scattered clouds
694,Magadan,RU,71.9167,114.0833,42.01,76,67,14.54,broken clouds
695,Karoi,ZW,-20.3267,30.0665,62.13,66,97,1.16,light rain
696,Raton,US,57.79,-152.4072,53.73,83,100,11.01,overcast clouds
697,Umm Lajj,PH,17.4189,121.4443,75.74,91,78,1.54,broken clouds
698,Missoula,US,57.79,-152.4072,53.73,83,100,11.01,overcast clouds
699,Akhtubinsk,RU,71.9167,114.0833,42.01,76,67,14.54,broken clouds
700,Langxiang,CN,41.1231,80.2644,75.25,24,0,10.47,clear sky
701,Neijiang,CN,41.1231,80.2644,75.25,24,0,10.47,clear sky
702,Great Yarmouth,GB,50.1544,-5.0711,61.7,82,75,4.61,broken clouds
703,Egvekinot,RU,71.9167,114.0833,42.01,76,67,14.54,broken clouds
704,Llodio,ES,38.5382,-0.131,81.48,71,0,7.74,clear sky
705,Arlit,NE,18.6853,12.9164,92.82,17,73,2.86,broken clouds
706,Nachalovo,RU,71.9167,114.0833,42.01,76,67,14.54,broken clouds
707,General Roca,AR,-54.8,-68.3,31.66,86,100,21.85,snow
708,Malatya,TR,36.3703,30.2869,83.17,42,0,6.46,clear sky
709,Mayo,CA,45.6169,-61.3485,76.91,63,0,13.0,clear sky
710,Takaka,NZ,-46.6,168.3333,40.8,72,100,6.96,overcast clouds
711,Saint-Honore,CA,45.6169,-61.3485,76.91,63,0,13.0,clear sky
712,Porto Walter,BR,-11.9419,-38.0844,68.83,89,87,4.36,overcast clouds
713,Parakou,BJ,9.3372,2.6303,74.12,76,97,5.75,overcast clouds
714,Caucaia,BR,-11.9419,-38.0844,68.83,89,87,4.36,overcast clouds
715,Madera,MX,22.8909,-109.9124,97.61,49,0,17.27,clear sky
716,Emerald,US,42.6001,-73.9662,94.03,49,47,4.0,scattered clouds
717,Changde,CN,41.1231,80.2644,75.25,24,0,10.47,clear sky
718,Gorodishche,RU,71.9167,114.0833,42.01,76,67,14.54,broken clouds
719,Luganville,VU,-19.55,169.2667,80.71,89,40,4.61,scattered clouds
720,Lolua,RO,46.4333,26.4,70.72,61,19,5.55,few clouds
721,Madruga,CU,22.5206,-79.4669,84.04,73,8,15.12,clear sky
722,Gravdal,NO,60.9242,9.4159,64.11,76,100,2.35,overcast clouds
723,La Ronge,CA,45.6169,-61.3485,76.91,63,0,13.0,clear sky
